{
  "name": "Paar mit gemeinsamen Konto (Deutsch)",
  "language": "de", 
  "country": "DE",
  "description": "Kategorien für Paare mit gemeinsamen Haushaltskonto - Deutsche Haushaltsführung",
  "author": "sTLAs",
  "dateCreated": "2025-01-07",
  "categories": {
    "income": {
      "description": "Einnahmen-Kategorien für Paare",
      "categories": [
        {
          "name": "Gehalt Partner 1",
          "patterns": ["partner1.*gehalt", "partner1.*lohn", "partner1.*salary", "company.*ltd"],
          "description": "Gehaltseingänge Partner 1"
        },
        {
          "name": "Gehalt Partner 2", 
          "patterns": ["partner2.*gehalt", "partner2.*lohn", "partner2.*salary", "example.*store"],
          "description": "Gehaltseingänge Partner 2"
        },
        {
          "name": "Zinsen & Kapitalerträge",
          "patterns": ["zinsen", "dividende", "kapitalertrag", "genossenschaft", "geschäftsanteil"],
          "description": "Zinsen von Sparkonten und Genossenschaftsanteilen"
        }
      ]
    },
    "expenses": {
      "description": "Ausgaben-Kategorien für gemeinsame Haushaltsführung",
      "categories": [
        {
          "name": "Haushalt Lebensmittel",
          "patterns": ["rewe", "edeka", "lidl", "aldi", "netto", "penny", "kaufland"],
          "description": "Gemeinsame Lebensmitteleinkäufe"
        },
        {
          "name": "Wohnen & Nebenkosten",
          "patterns": ["miete", "nebenkosten", "strom", "gas", "wasser", "heizung", "stadtwerke"],
          "description": "Miete und Wohnnebenkosten"
        },
        {
          "name": "Immobilienkredit",
          "patterns": ["immobilienkredit", "darlehen", "kredit", "hypothek", "tilgung"],
          "description": "Immobilienfinanzierung und Tilgung"
        },
        {
          "name": "Kreditkarte",
          "patterns": ["kreditkarte", "visa", "mastercard", "credit card"],
          "description": "Kreditkartenausgaben"
        },
        {
          "name": "Versicherungen",
          "patterns": ["versicherung", "allianz", "axa", "ergo", "huk", "signal iduna"],
          "description": "Hausrat-, Haftpflicht- und andere Versicherungen"
        },
        {
          "name": "Internet & Telefon",
          "patterns": ["telekom", "vodafone", "o2", "1+1 telecom", "internet", "telefon"],
          "description": "Telekommunikationskosten"
        },
        {
          "name": "Online Shopping",
          "patterns": ["amazon", "paypal", "ebay", "zalando", "otto"],
          "description": "Online-Einkäufe und E-Commerce"
        },
        {
          "name": "Tankstelle & Mobilität",
          "patterns": ["shell", "aral", "esso", "tankstelle", "benzin", "diesel"],
          "description": "Kraftstoff und Mobilitätskosten"
        }
      ]
    },
    "transfers": {
      "description": "Transfer-Kategorien zwischen Konten",
      "categories": [
        {
          "name": "Haushaltsbeitrag Partner 1",
          "patterns": ["partner1.*haushalt", "haushaltsbeitrag partner1", "max.*haushalt"],
          "description": "Partner 1 Beitrag zum Haushaltskonto"
        },
        {
          "name": "Haushaltsbeitrag Partner 2",
          "patterns": ["partner2.*haushalt", "haushaltsbeitrag partner2", "anna.*haushalt"],
          "description": "Partner 2 Beitrag zum Haushaltskonto"
        },
        {
          "name": "Sparen & Rücklagen",
          "patterns": ["sparbuch", "spareinlage", "rücklage", "variokonto"],
          "description": "Transfers zu Spar- und Rücklagenkonten"
        }
      ]
    }
  },
  "notes": "Speziell entwickelt für Paare mit gemeinsamen Haushaltskonto. Berücksichtigt typische deutsche Haushaltsstrukturen."
}