{
  "bankName": "Volksbank",
  "country": "DE", 
  "language": "de",
  "description": "Volksbank CSV-Export Format für deutsche Genossenschaftsbanken",
  "author": "sTLAs",
  "dateCreated": "2025-01-07",
  "csvFormat": {
    "delimiter": ";",
    "encoding": "UTF8",
    "hasHeader": true,
    "dateFormat": "DD.MM.YYYY",
    "decimalSeparator": ",",
    "thousandsSeparator": "."
  },
  "columnMapping": {
    "date": "Buchungstag",
    "amount": "Betrag",
    "payee": "Name Zahlungsbeteiligter", 
    "memo": "Verwendungszweck",
    "iban": "IBAN Zahlungsbeteiligter",
    "balance": "Saldo nach Buchung"
  },
  "columnMappingEnglish": {
    "date": "Transaction Date",
    "amount": "Amount",
    "payee": "Payee Name",
    "memo": "Purpose",
    "iban": "Payee IBAN", 
    "balance": "Balance After Transaction"
  },
  "sampleData": [
    "Bezeichnung Auftragskonto;IBAN Auftragskonto;BIC Auftragskonto;Bankname Auftragskonto;Buchungstag;Valutadatum;Name Zahlungsbeteiligter;IBAN Zahlungsbeteiligter;BIC (SWIFT-Code) Zahlungsbeteiligter;Buchungstext;Verwendungszweck;Betrag;Waehrung;Saldo nach Buchung;Bemerkung;Gekennzeichneter Umsatz;Glaeubiger ID;Mandatsreferenz",
    "Giro Max;DE12345678901234567890;SAMPLEBIC;Sample Bank eG;30.05.2025;30.05.2025;EXAMPLE MERCHANT CORP;DE98765432109876543210;TESTBICX;Basislastschrift;REF-1234567-8901234 example.com/payments;-25,00;EUR;-2161,41;;;DE94ZZZ00000561653;SampleRef12345"
  ],
  "notes": "Standard Volksbank Format verwendet von deutschen Genossenschaftsbanken. Enthält ausführliche IBAN- und BIC-Informationen.",
  "notesEnglish": "Standard Volksbank format used by German cooperative banks. Contains detailed IBAN and BIC information."
}